epoch,time,train/box_loss,train/cls_loss,train/dfl_loss,metrics/precision(B),metrics/recall(B),metrics/mAP50(B),metrics/mAP50-95(B),val/box_loss,val/cls_loss,val/dfl_loss,lr/pg0,lr/pg1,lr/pg2
1,7.6053,3.49634,3.63221,4.16569,0.00047,0.01776,0.00025,9e-05,3.70804,4.10768,4.15589,0.00064,0.00064,0.00064
2,14.7253,3.24361,2.97613,3.55201,0.00378,0.1612,0.00221,0.00071,3.49624,3.70135,3.79221,0.00129571,0.00129571,0.00129571
3,22.5682,2.70907,2.59304,2.9156,0.01847,0.07787,0.00784,0.00231,2.93233,3.82639,3.02417,0.00194706,0.00194706,0.00194706
4,29.6087,2.3797,2.32852,2.50133,0.26997,0.21311,0.14915,0.04134,2.43589,3.08941,2.50621,0.0019802,0.0019802,0.0019802
5,36.43,2.17846,2.04284,2.24306,0.28807,0.35246,0.171,0.0652,2.12195,3.66372,2.32686,0.0019736,0.0019736,0.0019736
6,43.0467,2.11445,1.90012,2.0805,0.45042,0.39859,0.34649,0.11122,2.31368,2.84222,2.12946,0.001967,0.001967,0.001967
7,50.6598,2.08443,1.82667,1.99572,0.47563,0.46038,0.39963,0.15466,2.08608,6.35434,1.98299,0.0019604,0.0019604,0.0019604
8,56.6364,1.9669,1.74684,1.91394,0.61912,0.53825,0.52873,0.18408,1.98354,2.17499,1.86869,0.0019538,0.0019538,0.0019538
9,64.1318,1.9389,1.71429,1.82459,0.60438,0.53415,0.53444,0.18863,2.02823,1.78607,1.82434,0.0019472,0.0019472,0.0019472
10,70.6266,1.89169,1.63424,1.7701,0.68869,0.61475,0.60467,0.21079,1.97214,2.06978,1.77889,0.0019406,0.0019406,0.0019406
11,76.8875,1.87033,1.53025,1.7129,0.62169,0.59973,0.59254,0.19744,2.10955,1.84713,1.89041,0.001934,0.001934,0.001934
12,83.6828,1.94312,1.62036,1.77424,0.48098,0.42077,0.41182,0.1046,2.64115,1.73773,2.22374,0.0019274,0.0019274,0.0019274
13,90.3171,1.84998,1.62411,1.72495,0.54143,0.4918,0.51134,0.15539,2.16713,1.79084,1.93479,0.0019208,0.0019208,0.0019208
14,97.16,1.78625,1.54656,1.6462,0.58507,0.53962,0.5458,0.15762,2.17838,3.22159,1.95,0.0019142,0.0019142,0.0019142
15,103.962,1.79265,1.48743,1.64872,0.68117,0.62705,0.65792,0.27019,1.81834,1.94124,1.68127,0.0019076,0.0019076,0.0019076
16,110.32,1.72393,1.44567,1.61864,0.66762,0.59016,0.61386,0.21401,2.06653,1.79827,1.80476,0.001901,0.001901,0.001901
17,116.437,1.75647,1.4757,1.6198,0.68587,0.64754,0.67289,0.28096,1.88606,1.39048,1.65673,0.0018944,0.0018944,0.0018944
18,123.088,1.69999,1.4338,1.5687,0.69727,0.60414,0.63907,0.1933,2.18093,1.55068,1.81913,0.0018878,0.0018878,0.0018878
19,129.914,1.64456,1.40666,1.54736,0.67113,0.56967,0.60648,0.18587,2.17313,1.853,1.94536,0.0018812,0.0018812,0.0018812
20,136.486,1.6796,1.38943,1.5447,0.64628,0.60929,0.64057,0.23827,1.92226,1.88533,1.70497,0.0018746,0.0018746,0.0018746
21,143.259,1.66404,1.40973,1.53963,0.69904,0.64071,0.69513,0.26378,1.95832,1.53327,1.69034,0.001868,0.001868,0.001868
22,151.239,1.67984,1.37571,1.55935,0.70451,0.70028,0.70995,0.26628,1.84155,1.48115,1.61101,0.0018614,0.0018614,0.0018614
23,157.781,1.64114,1.36126,1.48591,0.63662,0.64617,0.6348,0.19045,2.11276,2.58359,1.75788,0.0018548,0.0018548,0.0018548
24,164.465,1.6251,1.33122,1.50949,0.67216,0.68903,0.67952,0.24982,1.92515,1.56485,1.68542,0.0018482,0.0018482,0.0018482
25,171.737,1.66212,1.36161,1.50707,0.68593,0.71311,0.73646,0.29292,1.77956,1.46843,1.58086,0.0018416,0.0018416,0.0018416
26,178.048,1.5809,1.32714,1.48691,0.71202,0.7127,0.72788,0.25939,1.97054,1.7978,1.68431,0.001835,0.001835,0.001835
27,183.569,1.60307,1.30027,1.45689,0.71285,0.66803,0.67621,0.21351,2.14418,1.62067,1.79491,0.0018284,0.0018284,0.0018284
28,190.1,1.6585,1.34459,1.50109,0.57729,0.70082,0.6074,0.25203,1.88017,1.7273,1.62562,0.0018218,0.0018218,0.0018218
29,197.106,1.57279,1.3117,1.44694,0.69461,0.64942,0.67944,0.19167,2.20065,1.55117,1.86465,0.0018152,0.0018152,0.0018152
30,204.514,1.61035,1.33522,1.48847,0.66104,0.70219,0.6502,0.20835,2.00668,1.76065,1.76188,0.0018086,0.0018086,0.0018086
31,211.414,1.55185,1.30669,1.4545,0.70581,0.76639,0.75124,0.3301,1.72995,1.45323,1.50074,0.001802,0.001802,0.001802
32,217.818,1.58769,1.29052,1.43447,0.73053,0.68169,0.72083,0.26187,2.08226,1.33432,1.7111,0.0017954,0.0017954,0.0017954
33,223.779,1.59827,1.31413,1.43142,0.65698,0.6735,0.68361,0.18337,2.26286,1.70863,1.91218,0.0017888,0.0017888,0.0017888
34,230.235,1.54365,1.25687,1.40763,0.66523,0.71175,0.707,0.20443,2.20787,1.84733,1.8592,0.0017822,0.0017822,0.0017822
35,237.131,1.54796,1.27924,1.42621,0.70548,0.71858,0.70324,0.23405,2.07362,1.60956,1.76299,0.0017756,0.0017756,0.0017756
36,243.51,1.55036,1.23659,1.40037,0.69808,0.77186,0.75247,0.24074,2.12663,1.44588,1.76922,0.001769,0.001769,0.001769
37,249.898,1.53263,1.21996,1.44811,0.74168,0.74454,0.79105,0.32111,1.90425,1.42169,1.60109,0.0017624,0.0017624,0.0017624
38,256.216,1.53977,1.21349,1.42376,0.7063,0.71448,0.74042,0.24445,2.05185,1.46989,1.75404,0.0017558,0.0017558,0.0017558
39,263.665,1.55571,1.25314,1.44201,0.64137,0.66667,0.64684,0.1804,2.20907,1.7808,1.8574,0.0017492,0.0017492,0.0017492
40,270.448,1.54749,1.24937,1.43043,0.71735,0.69809,0.73243,0.22013,2.19803,1.41239,1.79486,0.0017426,0.0017426,0.0017426
41,276.883,1.53642,1.22866,1.41297,0.67757,0.69945,0.70812,0.22257,2.15659,1.53067,1.78673,0.001736,0.001736,0.001736
42,283.505,1.55732,1.24514,1.42082,0.72828,0.73361,0.76167,0.25373,2.03438,1.86423,1.69534,0.0017294,0.0017294,0.0017294
43,290.065,1.5133,1.2339,1.4047,0.72411,0.70628,0.75418,0.26137,1.94812,1.6105,1.64817,0.0017228,0.0017228,0.0017228
44,297.133,1.52922,1.21779,1.39144,0.72464,0.74044,0.76161,0.24627,2.13737,1.39583,1.79107,0.0017162,0.0017162,0.0017162
45,304.073,1.51399,1.18436,1.38416,0.74558,0.70462,0.73037,0.1957,2.31679,1.53842,1.90627,0.0017096,0.0017096,0.0017096
46,310.642,1.57704,1.20265,1.38029,0.69286,0.67798,0.70087,0.20423,2.22272,1.48701,1.85233,0.001703,0.001703,0.001703
47,317.651,1.55442,1.24655,1.40266,0.66294,0.71721,0.72724,0.20971,2.07666,1.70887,1.76288,0.0016964,0.0016964,0.0016964
48,324.927,1.48517,1.20188,1.39355,0.76663,0.75,0.7783,0.26588,2.049,1.34997,1.70818,0.0016898,0.0016898,0.0016898
49,331.205,1.4867,1.16777,1.3649,0.75671,0.76058,0.78439,0.27307,1.97738,1.38557,1.65179,0.0016832,0.0016832,0.0016832
50,338.053,1.48245,1.14091,1.37708,0.73394,0.77459,0.77055,0.26933,1.95411,1.54801,1.64201,0.0016766,0.0016766,0.0016766
51,344.527,1.52291,1.16588,1.37134,0.74133,0.72541,0.77046,0.28196,2.04574,1.29168,1.66738,0.00167,0.00167,0.00167
52,350.551,1.50207,1.17019,1.38417,0.68798,0.74727,0.72249,0.19372,2.19824,2.05127,1.85365,0.0016634,0.0016634,0.0016634
53,357.462,1.54816,1.19128,1.39344,0.70218,0.71825,0.7262,0.2351,2.00382,1.76984,1.69924,0.0016568,0.0016568,0.0016568
54,364.095,1.49521,1.15835,1.38118,0.75813,0.72951,0.77549,0.29293,1.93956,1.59919,1.63544,0.0016502,0.0016502,0.0016502
55,371.163,1.49482,1.15879,1.37558,0.76881,0.76776,0.81419,0.31417,1.88305,1.37277,1.59073,0.0016436,0.0016436,0.0016436
56,378.293,1.48281,1.18086,1.37553,0.69654,0.73634,0.7349,0.22026,2.22984,1.47259,1.84229,0.001637,0.001637,0.001637
57,385.246,1.50449,1.1732,1.37472,0.76898,0.75942,0.7904,0.29651,1.92786,1.44545,1.63308,0.0016304,0.0016304,0.0016304
58,391.477,1.47732,1.16809,1.35616,0.74542,0.74402,0.79694,0.28654,1.9307,1.6668,1.63473,0.0016238,0.0016238,0.0016238
59,398.07,1.49127,1.13381,1.36458,0.73664,0.7418,0.75269,0.21116,2.24606,1.46419,1.83638,0.0016172,0.0016172,0.0016172
60,404.229,1.48812,1.13808,1.35355,0.70512,0.69908,0.71896,0.199,2.30715,1.44267,1.87761,0.0016106,0.0016106,0.0016106
61,410.892,1.46194,1.13417,1.34806,0.73218,0.74454,0.78031,0.27154,1.97074,1.72646,1.66278,0.001604,0.001604,0.001604
62,418.143,1.48571,1.1602,1.36012,0.75255,0.77049,0.78548,0.24765,2.1389,1.41238,1.73662,0.0015974,0.0015974,0.0015974
63,425.42,1.49187,1.15254,1.35927,0.71876,0.7623,0.7398,0.21866,2.17165,1.54779,1.77685,0.0015908,0.0015908,0.0015908
64,432.041,1.48021,1.13606,1.35038,0.73255,0.77596,0.76586,0.22711,2.16433,1.56967,1.75692,0.0015842,0.0015842,0.0015842
65,438.208,1.46338,1.13766,1.35329,0.74375,0.76131,0.79135,0.2536,2.09012,1.51541,1.7433,0.0015776,0.0015776,0.0015776
66,444.868,1.46175,1.14066,1.33762,0.76863,0.76697,0.81023,0.27785,1.92459,1.51946,1.64478,0.001571,0.001571,0.001571
67,450.959,1.47842,1.12788,1.36024,0.76652,0.79098,0.82918,0.33333,1.86951,1.26277,1.50838,0.0015644,0.0015644,0.0015644
68,457.335,1.46426,1.14052,1.36448,0.73008,0.76366,0.76393,0.26491,1.85396,1.82418,1.61053,0.0015578,0.0015578,0.0015578
69,464.064,1.50087,1.1624,1.35151,0.72492,0.75546,0.79453,0.26286,1.98766,1.69307,1.67464,0.0015512,0.0015512,0.0015512
70,470.438,1.47407,1.15742,1.33604,0.72618,0.80055,0.76719,0.34129,1.76297,1.3906,1.48118,0.0015446,0.0015446,0.0015446
71,478.127,1.46596,1.14205,1.34626,0.7764,0.74044,0.81072,0.2957,2.08093,1.22099,1.66687,0.001538,0.001538,0.001538
72,484.933,1.46845,1.11637,1.32923,0.75949,0.77652,0.80516,0.2453,2.18716,1.34148,1.7924,0.0015314,0.0015314,0.0015314
73,490.968,1.46573,1.1007,1.33688,0.72361,0.75683,0.78263,0.23697,2.26737,1.31997,1.81255,0.0015248,0.0015248,0.0015248
74,498.196,1.44496,1.10022,1.32657,0.76565,0.75878,0.8056,0.23499,2.20698,1.44456,1.83022,0.0015182,0.0015182,0.0015182
75,505.037,1.45839,1.11219,1.336,0.76249,0.80328,0.80665,0.30438,1.92447,1.56529,1.59432,0.0015116,0.0015116,0.0015116
76,511.531,1.45756,1.08685,1.30899,0.78662,0.80075,0.83201,0.32672,1.90947,1.28218,1.59352,0.001505,0.001505,0.001505
77,518.024,1.48845,1.11918,1.34652,0.75162,0.79508,0.81154,0.265,2.11251,1.43201,1.71705,0.0014984,0.0014984,0.0014984
78,525.477,1.43759,1.08489,1.33167,0.75257,0.79235,0.81229,0.30876,1.89793,1.53634,1.5761,0.0014918,0.0014918,0.0014918
79,531.3,1.44792,1.0876,1.31867,0.76522,0.79702,0.81839,0.31007,1.92648,1.82504,1.60617,0.0014852,0.0014852,0.0014852
80,538.363,1.45261,1.10552,1.33544,0.73829,0.83243,0.81329,0.27959,2.05638,1.31972,1.6768,0.0014786,0.0014786,0.0014786
81,545.554,1.43718,1.10507,1.32051,0.76649,0.78924,0.8248,0.30655,1.95888,1.36766,1.62222,0.001472,0.001472,0.001472
82,551.244,1.43351,1.05516,1.29937,0.7633,0.80055,0.82293,0.34239,1.88871,1.24373,1.57996,0.0014654,0.0014654,0.0014654
83,558.055,1.43498,1.07429,1.33562,0.78482,0.79723,0.84112,0.30484,2.03235,1.28771,1.7022,0.0014588,0.0014588,0.0014588
84,564.899,1.42275,1.06013,1.31269,0.77707,0.79999,0.84188,0.35031,1.80489,1.37499,1.50215,0.0014522,0.0014522,0.0014522
85,571.958,1.48933,1.09832,1.34554,0.77584,0.78962,0.81997,0.30739,1.91863,1.74504,1.58686,0.0014456,0.0014456,0.0014456
86,578.659,1.4131,1.06455,1.28872,0.77212,0.7582,0.80927,0.28831,2.03243,1.2242,1.61032,0.001439,0.001439,0.001439
87,585.069,1.4085,1.03512,1.29231,0.76283,0.82168,0.84649,0.32195,1.98869,1.33669,1.64911,0.0014324,0.0014324,0.0014324
88,592.274,1.43427,1.05064,1.30904,0.77208,0.81447,0.84061,0.38895,1.79703,1.07244,1.46147,0.0014258,0.0014258,0.0014258
89,598.654,1.42954,1.03829,1.30425,0.76334,0.82923,0.84213,0.39601,1.73341,1.12812,1.46704,0.0014192,0.0014192,0.0014192
90,605.563,1.42094,1.02535,1.30047,0.76973,0.83111,0.8598,0.34802,1.99855,1.18483,1.63896,0.0014126,0.0014126,0.0014126
91,612.537,1.38131,1.00448,1.28111,0.77228,0.78825,0.81698,0.29309,2.05617,1.32133,1.71995,0.001406,0.001406,0.001406
92,619.187,1.40757,1.00697,1.31145,0.77509,0.80328,0.84738,0.42607,1.58459,1.1098,1.3419,0.0013994,0.0013994,0.0013994
93,624.667,1.38915,0.99655,1.29551,0.75766,0.82004,0.83288,0.29191,2.18989,1.18207,1.76601,0.0013928,0.0013928,0.0013928
94,632.407,1.40179,0.99818,1.28836,0.76407,0.79098,0.79989,0.24018,2.37488,1.25739,1.96405,0.0013862,0.0013862,0.0013862
95,639.569,1.397,1.00246,1.28671,0.75652,0.79645,0.82034,0.33115,2.00118,1.86565,1.5712,0.0013796,0.0013796,0.0013796
96,645.405,1.39441,1.0115,1.31498,0.70256,0.79508,0.7617,0.26597,2.1484,1.21369,1.72253,0.001373,0.001373,0.001373
97,652.034,1.39371,1.01625,1.27328,0.73623,0.72832,0.78062,0.26662,2.15569,1.36338,1.79933,0.0013664,0.0013664,0.0013664
98,658.581,1.40337,1.01225,1.31475,0.74591,0.83016,0.82632,0.32083,2.06838,1.22426,1.63163,0.0013598,0.0013598,0.0013598
99,665.541,1.3829,1.00991,1.29011,0.76578,0.84415,0.85959,0.40454,1.90789,1.01258,1.51457,0.0013532,0.0013532,0.0013532
100,672.998,1.37711,0.99722,1.30188,0.7613,0.86066,0.86968,0.43357,1.69125,0.91889,1.40252,0.0013466,0.0013466,0.0013466
101,679.998,1.3762,0.97101,1.28856,0.78071,0.79372,0.84185,0.36072,1.86075,1.1032,1.52727,0.00134,0.00134,0.00134
102,687.83,1.39364,0.98837,1.27782,0.78378,0.79781,0.84397,0.36675,1.8791,1.01822,1.5016,0.0013334,0.0013334,0.0013334
103,694.108,1.35678,0.96532,1.26592,0.77077,0.77732,0.82794,0.31302,2.04089,1.25883,1.63013,0.0013268,0.0013268,0.0013268
104,701.167,1.3767,1.00081,1.28669,0.72754,0.82104,0.82256,0.26587,2.25104,1.15629,1.84634,0.0013202,0.0013202,0.0013202
105,708.49,1.36563,0.99378,1.26158,0.751,0.84016,0.85667,0.38877,1.80689,0.9556,1.45692,0.0013136,0.0013136,0.0013136
106,714.815,1.36113,0.96658,1.28193,0.79263,0.81421,0.87297,0.42415,1.72602,1.00392,1.435,0.001307,0.001307,0.001307
107,721.253,1.36606,0.9744,1.2846,0.78838,0.78279,0.83623,0.34388,1.96587,1.10044,1.58946,0.0013004,0.0013004,0.0013004
108,726.952,1.35533,0.96192,1.27679,0.77813,0.81421,0.8472,0.31675,2.09502,1.03167,1.67668,0.0012938,0.0012938,0.0012938
109,733.003,1.33291,0.95875,1.27176,0.79867,0.84153,0.88622,0.39961,1.79289,1.02857,1.48557,0.0012872,0.0012872,0.0012872
110,740.801,1.36226,0.9573,1.27675,0.8136,0.79508,0.86665,0.42183,1.65591,0.93634,1.39782,0.0012806,0.0012806,0.0012806
111,748.329,1.36957,0.95869,1.27639,0.78876,0.83146,0.87053,0.42572,1.69874,0.9857,1.41969,0.001274,0.001274,0.001274
112,754.783,1.40546,1.00081,1.2752,0.77505,0.77732,0.80938,0.26723,2.2119,1.11321,1.73727,0.0012674,0.0012674,0.0012674
113,760.772,1.35023,0.94814,1.27032,0.76998,0.8306,0.8568,0.39685,1.71052,0.87601,1.41137,0.0012608,0.0012608,0.0012608
114,767.188,1.32304,0.93901,1.24624,0.80699,0.8168,0.86976,0.40572,1.77112,0.95819,1.45713,0.0012542,0.0012542,0.0012542
115,773.836,1.33108,0.94311,1.25156,0.78693,0.84763,0.87753,0.43666,1.72053,0.93972,1.42265,0.0012476,0.0012476,0.0012476
116,780.765,1.33797,0.95631,1.2534,0.79324,0.8306,0.86754,0.37995,1.89824,1.09924,1.53915,0.001241,0.001241,0.001241
117,787.568,1.35369,0.94741,1.2825,0.78512,0.83333,0.87184,0.45086,1.6283,0.98764,1.34751,0.0012344,0.0012344,0.0012344
118,794.346,1.35694,0.95485,1.27794,0.77799,0.82343,0.85191,0.35349,1.93985,0.98005,1.54167,0.0012278,0.0012278,0.0012278
119,800.407,1.3428,0.94978,1.25353,0.79514,0.81148,0.86502,0.4209,1.74289,0.9361,1.40243,0.0012212,0.0012212,0.0012212
120,806.585,1.33443,0.9489,1.24312,0.7767,0.84107,0.86952,0.43292,1.68404,0.89743,1.40633,0.0012146,0.0012146,0.0012146
121,813.211,1.36114,0.9631,1.27273,0.75514,0.85523,0.86619,0.43259,1.67754,0.9888,1.39334,0.001208,0.001208,0.001208
122,819.702,1.35683,0.97163,1.27976,0.80123,0.8315,0.85864,0.41249,1.71673,0.94628,1.42562,0.0012014,0.0012014,0.0012014
123,827.129,1.33427,0.92131,1.25121,0.79906,0.81284,0.85247,0.40398,1.77779,1.17409,1.43448,0.0011948,0.0011948,0.0011948
124,833.474,1.29714,0.90948,1.24867,0.77941,0.83022,0.87575,0.44229,1.66579,0.84713,1.39545,0.0011882,0.0011882,0.0011882
125,840.047,1.33554,0.92711,1.26226,0.79207,0.86066,0.87361,0.46501,1.59847,0.90814,1.36857,0.0011816,0.0011816,0.0011816
126,846.186,1.35427,0.95391,1.26884,0.80473,0.81421,0.87346,0.37951,1.93815,0.97488,1.54888,0.001175,0.001175,0.001175
127,852.937,1.32111,0.93339,1.25227,0.76977,0.83129,0.85045,0.38554,1.88593,0.97804,1.51616,0.0011684,0.0011684,0.0011684
128,859.744,1.32847,0.92649,1.25668,0.77787,0.82761,0.86012,0.38123,1.89295,0.9706,1.47335,0.0011618,0.0011618,0.0011618
129,866.644,1.36305,0.93871,1.28055,0.79305,0.82377,0.87695,0.42235,1.74076,1.01798,1.4759,0.0011552,0.0011552,0.0011552
130,873.249,1.29681,0.91506,1.24632,0.79539,0.85656,0.88425,0.50295,1.44182,0.81271,1.26505,0.0011486,0.0011486,0.0011486
131,879.181,1.32913,0.93654,1.24358,0.79509,0.82691,0.87572,0.47823,1.55645,0.85781,1.32799,0.001142,0.001142,0.001142
132,885.999,1.34561,0.96303,1.27169,0.79511,0.84825,0.88488,0.51852,1.46133,0.89271,1.27266,0.0011354,0.0011354,0.0011354
133,893.696,1.36588,0.95419,1.26634,0.82064,0.8251,0.87581,0.4334,1.65261,0.88683,1.36896,0.0011288,0.0011288,0.0011288
134,901.355,1.32102,0.9367,1.2428,0.80007,0.80874,0.87553,0.48831,1.4876,1.01468,1.28965,0.0011222,0.0011222,0.0011222
135,907.829,1.35467,0.94559,1.25552,0.77002,0.86908,0.87676,0.47857,1.53499,0.89551,1.3064,0.0011156,0.0011156,0.0011156
136,914.465,1.31503,0.89886,1.25164,0.76811,0.83713,0.87941,0.44004,1.66916,0.8913,1.37742,0.001109,0.001109,0.001109
137,921.314,1.3173,0.91386,1.26401,0.79436,0.83607,0.87108,0.47215,1.51014,0.9136,1.26971,0.0011024,0.0011024,0.0011024
138,928.384,1.33301,0.94082,1.25465,0.75683,0.8036,0.84017,0.35801,1.86016,1.09465,1.50529,0.0010958,0.0010958,0.0010958
139,934.828,1.33954,0.94597,1.2732,0.78775,0.85519,0.87695,0.50483,1.42174,0.98429,1.23398,0.0010892,0.0010892,0.0010892
140,941.564,1.33017,0.91573,1.23907,0.77701,0.88388,0.88012,0.51905,1.36733,0.78286,1.23164,0.0010826,0.0010826,0.0010826
141,948.583,1.29142,0.87532,1.22778,0.77611,0.86664,0.87695,0.47659,1.60273,0.83547,1.32596,0.001076,0.001076,0.001076
142,955.15,1.30418,0.90244,1.22139,0.80064,0.81284,0.87774,0.43344,1.71822,0.85169,1.38716,0.0010694,0.0010694,0.0010694
143,961.334,1.3304,0.92002,1.23837,0.80117,0.8422,0.88295,0.45698,1.64537,0.88598,1.38482,0.0010628,0.0010628,0.0010628
144,968.709,1.27172,0.90624,1.24671,0.78784,0.86749,0.8864,0.50189,1.45502,0.88275,1.24759,0.0010562,0.0010562,0.0010562
145,974.797,1.2896,0.89898,1.22181,0.75907,0.8608,0.8701,0.42349,1.72106,0.97133,1.40711,0.0010496,0.0010496,0.0010496
146,980.627,1.32377,0.90613,1.23302,0.78459,0.81284,0.85586,0.34862,2.05838,0.95785,1.63026,0.001043,0.001043,0.001043
147,987.81,1.27503,0.88162,1.23636,0.79143,0.87432,0.87794,0.5002,1.46467,0.7998,1.25536,0.0010364,0.0010364,0.0010364
148,994.252,1.30141,0.88458,1.23885,0.79459,0.84973,0.88558,0.5465,1.35232,0.77819,1.22748,0.0010298,0.0010298,0.0010298
149,1000.88,1.33245,0.90722,1.23613,0.78627,0.85937,0.88338,0.50088,1.57622,0.85658,1.31541,0.0010232,0.0010232,0.0010232
150,1007.44,1.33312,0.92608,1.25894,0.82146,0.83743,0.88332,0.49831,1.48052,0.79412,1.25549,0.0010166,0.0010166,0.0010166
151,1014.64,1.29803,0.88266,1.23568,0.80305,0.85225,0.88873,0.43544,1.74071,0.80661,1.40105,0.00101,0.00101,0.00101
152,1021.68,1.30306,0.88114,1.23982,0.79947,0.8347,0.877,0.48872,1.53801,0.81521,1.29693,0.0010034,0.0010034,0.0010034
153,1027.72,1.27414,0.87943,1.21775,0.79813,0.85109,0.88405,0.52443,1.41346,0.86247,1.24726,0.0009968,0.0009968,0.0009968
154,1034,1.29476,0.88502,1.2157,0.81198,0.84954,0.89476,0.50116,1.52429,0.86313,1.30101,0.0009902,0.0009902,0.0009902
155,1041.01,1.27561,0.87403,1.2354,0.8026,0.85519,0.89183,0.48403,1.55052,0.79345,1.30658,0.0009836,0.0009836,0.0009836
156,1047.14,1.26879,0.86453,1.22169,0.8127,0.83197,0.88929,0.45418,1.68774,0.80494,1.40947,0.000977,0.000977,0.000977
157,1054.54,1.25768,0.85447,1.22503,0.82315,0.8457,0.89265,0.50746,1.50994,0.76197,1.28996,0.0009704,0.0009704,0.0009704
158,1060.69,1.29093,0.8811,1.21938,0.81397,0.85656,0.8947,0.51693,1.45327,0.76736,1.27585,0.0009638,0.0009638,0.0009638
159,1067.14,1.28498,0.87459,1.24956,0.7907,0.87736,0.89115,0.45201,1.72813,0.90131,1.41478,0.0009572,0.0009572,0.0009572
160,1074.22,1.28385,0.8609,1.22521,0.79087,0.85656,0.86119,0.43698,1.66986,0.97593,1.37953,0.0009506,0.0009506,0.0009506
161,1081.3,1.27641,0.87223,1.23089,0.79848,0.87146,0.8932,0.5321,1.40625,0.89075,1.25483,0.000944,0.000944,0.000944
162,1087.81,1.28773,0.87995,1.23252,0.81182,0.86045,0.89922,0.54721,1.37273,0.73694,1.22626,0.0009374,0.0009374,0.0009374
163,1095.2,1.30957,0.88624,1.235,0.77259,0.85519,0.88317,0.49139,1.53589,0.83691,1.3165,0.0009308,0.0009308,0.0009308
164,1101.76,1.27448,0.88012,1.2333,0.79549,0.84836,0.87788,0.5065,1.48536,0.97379,1.28273,0.0009242,0.0009242,0.0009242
165,1108.09,1.3129,0.89174,1.23452,0.79766,0.86168,0.87943,0.50544,1.46737,0.84608,1.26699,0.0009176,0.0009176,0.0009176
166,1114.91,1.27034,0.86165,1.20499,0.78522,0.86404,0.88546,0.48393,1.58472,0.84852,1.33882,0.000911,0.000911,0.000911
167,1121.45,1.29021,0.88746,1.23023,0.80094,0.85383,0.88882,0.5271,1.43641,0.75897,1.23309,0.0009044,0.0009044,0.0009044
168,1128.63,1.25065,0.85909,1.2077,0.80954,0.85383,0.89544,0.49257,1.60246,0.8947,1.33294,0.0008978,0.0008978,0.0008978
169,1134.76,1.24344,0.84558,1.20019,0.80029,0.87022,0.89069,0.51385,1.50219,0.84019,1.2856,0.0008912,0.0008912,0.0008912
170,1141.2,1.26398,0.8806,1.22223,0.78737,0.86475,0.8918,0.58138,1.21904,0.87351,1.14771,0.0008846,0.0008846,0.0008846
171,1147.85,1.27255,0.87202,1.22475,0.78274,0.86339,0.88229,0.51793,1.42562,0.7942,1.25328,0.000878,0.000878,0.000878
172,1154.24,1.27472,0.85601,1.2162,0.82596,0.81694,0.89129,0.55122,1.3473,0.72582,1.20382,0.0008714,0.0008714,0.0008714
173,1160.71,1.28154,0.87876,1.22423,0.79634,0.85929,0.88169,0.52829,1.44779,0.94924,1.25461,0.0008648,0.0008648,0.0008648
174,1166.74,1.26716,0.85508,1.22075,0.80691,0.87568,0.89581,0.51447,1.52212,0.80498,1.29328,0.0008582,0.0008582,0.0008582
175,1173.84,1.28371,0.86672,1.20766,0.83639,0.82514,0.89405,0.52675,1.45375,0.73044,1.24745,0.0008516,0.0008516,0.0008516
176,1180.68,1.31179,0.88576,1.23898,0.79607,0.85929,0.89009,0.56871,1.27665,0.75824,1.17847,0.000845,0.000845,0.000845
177,1187.44,1.27859,0.85304,1.22591,0.81891,0.83743,0.88898,0.56254,1.30446,0.77038,1.1923,0.0008384,0.0008384,0.0008384
178,1193.61,1.25764,0.83261,1.20949,0.81038,0.86406,0.8919,0.55941,1.35376,0.7707,1.21027,0.0008318,0.0008318,0.0008318
179,1200.08,1.26127,0.85188,1.20881,0.81696,0.85365,0.89784,0.53634,1.42703,0.74779,1.22874,0.0008252,0.0008252,0.0008252
180,1206.83,1.26857,0.86123,1.20955,0.80293,0.87158,0.8929,0.54565,1.33082,0.82487,1.19195,0.0008186,0.0008186,0.0008186
181,1213.45,1.26122,0.83346,1.22819,0.80227,0.87578,0.9005,0.55884,1.34648,0.73982,1.20513,0.000812,0.000812,0.000812
182,1219.71,1.23118,0.81403,1.19419,0.81868,0.86475,0.89745,0.54835,1.37679,0.76488,1.23154,0.0008054,0.0008054,0.0008054
183,1226.26,1.30263,0.87804,1.22339,0.81089,0.84354,0.8916,0.55005,1.3469,0.80917,1.21059,0.0007988,0.0007988,0.0007988
184,1233.48,1.23986,0.82722,1.21687,0.79693,0.88251,0.89469,0.52408,1.46164,0.81578,1.26913,0.0007922,0.0007922,0.0007922
185,1239.93,1.26162,0.85941,1.21341,0.79902,0.88251,0.89273,0.5484,1.34267,0.85619,1.20491,0.0007856,0.0007856,0.0007856
186,1246.5,1.24196,0.84577,1.21226,0.79582,0.86885,0.89799,0.58084,1.2254,0.71247,1.14753,0.000779,0.000779,0.000779
187,1252.75,1.28727,0.83625,1.19824,0.79701,0.89038,0.90101,0.54621,1.37151,0.72548,1.22192,0.0007724,0.0007724,0.0007724
188,1259.56,1.22865,0.84803,1.20545,0.8041,0.87022,0.8893,0.53861,1.35858,0.8753,1.19923,0.0007658,0.0007658,0.0007658
189,1267.2,1.24065,0.83313,1.19256,0.81969,0.86946,0.90124,0.57141,1.28424,0.73817,1.18222,0.0007592,0.0007592,0.0007592
190,1273.73,1.27019,0.85607,1.22704,0.79947,0.87295,0.89433,0.52581,1.44024,0.88604,1.26495,0.0007526,0.0007526,0.0007526
191,1280.9,1.29811,0.85835,1.23023,0.81142,0.88251,0.89954,0.53311,1.4399,0.75384,1.24734,0.000746,0.000746,0.000746
192,1286.36,1.27177,0.85712,1.21305,0.81242,0.87432,0.90025,0.55769,1.31181,0.74238,1.18548,0.0007394,0.0007394,0.0007394
193,1293.07,1.24827,0.86426,1.18534,0.78847,0.88525,0.89445,0.57495,1.23999,0.83995,1.15028,0.0007328,0.0007328,0.0007328
194,1300.1,1.2497,0.83159,1.21843,0.8057,0.89507,0.90115,0.55505,1.36738,0.75587,1.21953,0.0007262,0.0007262,0.0007262
195,1307.33,1.25609,0.82761,1.21144,0.80256,0.89957,0.90926,0.55921,1.36052,0.72162,1.20668,0.0007196,0.0007196,0.0007196
196,1314.89,1.25274,0.83187,1.20722,0.78839,0.88559,0.89835,0.55164,1.34096,0.77521,1.20818,0.000713,0.000713,0.000713
197,1321.62,1.26304,0.83989,1.20017,0.82477,0.87451,0.89835,0.57206,1.29022,0.69584,1.17651,0.0007064,0.0007064,0.0007064
198,1328.8,1.23127,0.83292,1.19923,0.82041,0.85246,0.89876,0.56856,1.27899,0.75407,1.16611,0.0006998,0.0006998,0.0006998
199,1336.05,1.25462,0.82962,1.20284,0.784,0.89071,0.90018,0.56693,1.30944,0.74638,1.175,0.0006932,0.0006932,0.0006932
200,1342.44,1.24221,0.8321,1.19204,0.80436,0.8818,0.89927,0.57229,1.30979,0.74707,1.19176,0.0006866,0.0006866,0.0006866
201,1348.82,1.24448,0.83476,1.20101,0.80416,0.86385,0.90342,0.54019,1.41848,0.74022,1.24382,0.00068,0.00068,0.00068
202,1354.8,1.24196,0.8364,1.21686,0.80738,0.88251,0.90638,0.53287,1.41585,0.72228,1.22092,0.0006734,0.0006734,0.0006734
203,1360.77,1.23029,0.81688,1.1831,0.78224,0.88823,0.88705,0.54873,1.30899,0.93617,1.17866,0.0006668,0.0006668,0.0006668
204,1366.87,1.25377,0.83739,1.19616,0.80579,0.87842,0.90418,0.56859,1.32717,0.72441,1.20337,0.0006602,0.0006602,0.0006602
205,1373.94,1.25679,0.8304,1.21442,0.81249,0.89383,0.90627,0.57223,1.30916,0.75064,1.19846,0.0006536,0.0006536,0.0006536
206,1380.7,1.25908,0.83466,1.209,0.80473,0.89481,0.89995,0.56154,1.30822,0.7248,1.16611,0.000647,0.000647,0.000647
207,1387.38,1.25976,0.86083,1.21629,0.79313,0.87295,0.89547,0.5416,1.37181,0.76079,1.2039,0.0006404,0.0006404,0.0006404
208,1394.87,1.2743,0.85116,1.19861,0.78596,0.87978,0.88712,0.54124,1.36247,0.89966,1.21106,0.0006338,0.0006338,0.0006338
209,1401.72,1.26184,0.83685,1.20825,0.80547,0.88798,0.90268,0.55738,1.3569,0.71998,1.19597,0.0006272,0.0006272,0.0006272
210,1409.19,1.24335,0.81151,1.18734,0.81626,0.88661,0.90872,0.55558,1.35581,0.70975,1.18846,0.0006206,0.0006206,0.0006206
211,1416.18,1.23374,0.81581,1.19701,0.80023,0.90984,0.90549,0.56553,1.29858,0.747,1.18169,0.000614,0.000614,0.000614
212,1423.56,1.23191,0.81399,1.18498,0.81576,0.86885,0.90413,0.54088,1.44307,0.79111,1.24437,0.0006074,0.0006074,0.0006074
213,1430.14,1.24394,0.8182,1.18665,0.81345,0.87295,0.90182,0.57866,1.2777,0.73941,1.17476,0.0006008,0.0006008,0.0006008
214,1436.81,1.23082,0.8216,1.18961,0.81934,0.87358,0.90446,0.58955,1.25162,0.6826,1.16169,0.0005942,0.0005942,0.0005942
215,1443.5,1.25944,0.83297,1.20644,0.82162,0.86207,0.90017,0.56159,1.31271,0.73137,1.18445,0.0005876,0.0005876,0.0005876
216,1449.72,1.2506,0.83656,1.20495,0.80522,0.87295,0.90156,0.54251,1.3785,0.74202,1.21168,0.000581,0.000581,0.000581
217,1455.81,1.22146,0.80889,1.18913,0.79121,0.87295,0.88413,0.55451,1.27271,0.82066,1.1536,0.0005744,0.0005744,0.0005744
218,1461.94,1.22897,0.81292,1.20146,0.80751,0.87432,0.90113,0.58294,1.24007,0.75576,1.14089,0.0005678,0.0005678,0.0005678
219,1468.26,1.2105,0.79379,1.19229,0.81288,0.87836,0.90584,0.57851,1.27575,0.6593,1.15586,0.0005612,0.0005612,0.0005612
220,1475.06,1.24498,0.8213,1.19049,0.79709,0.87978,0.90294,0.57436,1.27231,0.74361,1.16497,0.0005546,0.0005546,0.0005546
221,1481.58,1.23781,0.82239,1.17714,0.7982,0.88388,0.90031,0.55552,1.31923,0.83885,1.17347,0.000548,0.000548,0.000548
222,1488.84,1.21716,0.79712,1.17868,0.83002,0.86722,0.90485,0.57032,1.30406,0.73915,1.17474,0.0005414,0.0005414,0.0005414
223,1495.59,1.23632,0.80239,1.1865,0.82149,0.87568,0.90529,0.59445,1.19894,0.6734,1.13565,0.0005348,0.0005348,0.0005348
224,1501.43,1.24022,0.82028,1.2013,0.82917,0.85383,0.8976,0.58762,1.21463,0.73466,1.13355,0.0005282,0.0005282,0.0005282
225,1508.28,1.22315,0.79849,1.18403,0.81757,0.87568,0.89964,0.55226,1.35214,0.76929,1.1976,0.0005216,0.0005216,0.0005216
226,1514.92,1.23978,0.8345,1.21403,0.81032,0.87842,0.90475,0.55995,1.35169,0.71035,1.196,0.000515,0.000515,0.000515
227,1521.75,1.21139,0.79117,1.17095,0.80738,0.89327,0.90484,0.56175,1.33823,0.70678,1.20174,0.0005084,0.0005084,0.0005084
228,1528.93,1.22544,0.81774,1.18406,0.82378,0.88115,0.9074,0.60758,1.17107,0.70213,1.1168,0.0005018,0.0005018,0.0005018
229,1535.89,1.22031,0.80369,1.18518,0.82108,0.87705,0.90499,0.59142,1.22123,0.72887,1.14708,0.0004952,0.0004952,0.0004952
230,1542.22,1.24142,0.8479,1.20494,0.82505,0.86066,0.90612,0.57931,1.25294,0.69096,1.15213,0.0004886,0.0004886,0.0004886
231,1549.18,1.20868,0.81581,1.18856,0.82143,0.87432,0.90337,0.5845,1.23908,0.7121,1.14571,0.000482,0.000482,0.000482
232,1554.73,1.20253,0.79563,1.17508,0.82243,0.87948,0.90385,0.57264,1.27804,0.71018,1.16319,0.0004754,0.0004754,0.0004754
233,1561.33,1.23872,0.8161,1.18074,0.82873,0.85272,0.90329,0.58311,1.2686,0.68948,1.16039,0.0004688,0.0004688,0.0004688
234,1567.51,1.23309,0.80156,1.19472,0.81177,0.86475,0.89982,0.58191,1.24462,0.80215,1.14852,0.0004622,0.0004622,0.0004622
235,1574.26,1.21091,0.80025,1.18425,0.82001,0.87759,0.91199,0.59631,1.23282,0.66644,1.13719,0.0004556,0.0004556,0.0004556
236,1580.88,1.20245,0.78028,1.17278,0.82309,0.86439,0.89861,0.59505,1.17689,0.71696,1.12149,0.000449,0.000449,0.000449
237,1588.27,1.20431,0.80395,1.18339,0.82999,0.85369,0.90938,0.59645,1.20862,0.66858,1.12659,0.0004424,0.0004424,0.0004424
238,1593.99,1.22271,0.80639,1.18957,0.80946,0.87705,0.90622,0.57935,1.30441,0.74046,1.1684,0.0004358,0.0004358,0.0004358
239,1600.75,1.21215,0.78208,1.18879,0.80362,0.88888,0.90926,0.57233,1.31656,0.6911,1.17493,0.0004292,0.0004292,0.0004292
240,1607.97,1.20638,0.78995,1.17338,0.813,0.89891,0.90805,0.57452,1.2921,0.74113,1.16854,0.0004226,0.0004226,0.0004226
241,1614.53,1.23285,0.81035,1.19622,0.8208,0.87602,0.91003,0.5926,1.24229,0.65991,1.14875,0.000416,0.000416,0.000416
242,1620.91,1.19338,0.78912,1.17247,0.8157,0.87158,0.90438,0.59027,1.20203,0.70781,1.12746,0.0004094,0.0004094,0.0004094
243,1627.84,1.20879,0.79649,1.19031,0.82464,0.86066,0.90584,0.6063,1.17295,0.66109,1.11543,0.0004028,0.0004028,0.0004028
244,1634.59,1.21827,0.81003,1.19909,0.82207,0.87104,0.907,0.57922,1.25951,0.71197,1.15601,0.0003962,0.0003962,0.0003962
245,1642.39,1.21364,0.79208,1.19089,0.823,0.87022,0.90206,0.58699,1.22076,0.71686,1.13389,0.0003896,0.0003896,0.0003896
246,1648.51,1.20415,0.79017,1.18255,0.81336,0.88705,0.9035,0.59963,1.16365,0.67768,1.10702,0.000383,0.000383,0.000383
247,1655.53,1.2027,0.79185,1.1688,0.83356,0.87842,0.90897,0.59385,1.21659,0.70181,1.14075,0.0003764,0.0003764,0.0003764
248,1661.53,1.23142,0.81171,1.19833,0.82817,0.87573,0.91144,0.59578,1.22789,0.6805,1.14963,0.0003698,0.0003698,0.0003698
249,1668.49,1.23845,0.80904,1.19048,0.82587,0.88251,0.9082,0.58797,1.24599,0.69985,1.14519,0.0003632,0.0003632,0.0003632
250,1674.93,1.1965,0.78666,1.16708,0.82827,0.87705,0.90612,0.58274,1.2487,0.7162,1.14255,0.0003566,0.0003566,0.0003566
251,1681.4,1.20555,0.78691,1.17782,0.81754,0.89208,0.90788,0.59351,1.2346,0.6886,1.14683,0.00035,0.00035,0.00035
252,1688.54,1.21914,0.80077,1.18497,0.82571,0.89312,0.91194,0.59694,1.21115,0.69839,1.12749,0.0003434,0.0003434,0.0003434
253,1694.62,1.23693,0.79253,1.19666,0.83545,0.87391,0.91365,0.59644,1.22498,0.67789,1.13481,0.0003368,0.0003368,0.0003368
254,1700.82,1.18673,0.75961,1.17297,0.81656,0.89481,0.91096,0.59031,1.23546,0.68623,1.13593,0.0003302,0.0003302,0.0003302
255,1708.41,1.19662,0.78992,1.18297,0.83162,0.87711,0.91,0.59847,1.24483,0.66814,1.14799,0.0003236,0.0003236,0.0003236
256,1715.47,1.19153,0.76866,1.18122,0.8267,0.89344,0.90451,0.59486,1.20753,0.72621,1.1353,0.000317,0.000317,0.000317
257,1721.71,1.19573,0.7792,1.1886,0.82178,0.8756,0.90013,0.59669,1.1731,0.72859,1.11215,0.0003104,0.0003104,0.0003104
258,1728.66,1.22089,0.79959,1.1773,0.81988,0.8892,0.91015,0.59003,1.22088,0.69586,1.1297,0.0003038,0.0003038,0.0003038
259,1735.51,1.20933,0.80659,1.16516,0.82717,0.88661,0.91341,0.60573,1.18676,0.64705,1.11905,0.0002972,0.0002972,0.0002972
260,1741.55,1.17718,0.77364,1.17089,0.82649,0.88388,0.9122,0.57613,1.29237,0.70568,1.15291,0.0002906,0.0002906,0.0002906
261,1748.34,1.20586,0.78596,1.18029,0.83479,0.88251,0.91249,0.60951,1.18402,0.65925,1.11507,0.000284,0.000284,0.000284
262,1755.02,1.21215,0.78748,1.19055,0.82518,0.88341,0.90951,0.58878,1.27005,0.67802,1.15199,0.0002774,0.0002774,0.0002774
263,1761.51,1.19447,0.76565,1.18141,0.81337,0.88798,0.90803,0.57952,1.28357,0.71472,1.15559,0.0002708,0.0002708,0.0002708
264,1767.33,1.20093,0.7911,1.15823,0.8139,0.89024,0.91371,0.61065,1.17064,0.68003,1.11612,0.0002642,0.0002642,0.0002642
265,1773.58,1.17545,0.76731,1.16895,0.82729,0.87688,0.9116,0.61131,1.18026,0.67307,1.12276,0.0002576,0.0002576,0.0002576
266,1780.12,1.19109,0.784,1.17598,0.82573,0.8933,0.91228,0.59564,1.2238,0.68149,1.13908,0.000251,0.000251,0.000251
267,1786.61,1.19249,0.78577,1.1564,0.83378,0.88396,0.91385,0.58406,1.25628,0.70645,1.14947,0.0002444,0.0002444,0.0002444
268,1793.62,1.21721,0.79546,1.16935,0.8241,0.88388,0.9113,0.59375,1.2351,0.68653,1.13803,0.0002378,0.0002378,0.0002378
269,1801.32,1.20024,0.77552,1.17556,0.83435,0.86339,0.91364,0.60211,1.20753,0.66858,1.13045,0.0002312,0.0002312,0.0002312
270,1808.66,1.18422,0.78155,1.16579,0.82407,0.88944,0.91251,0.58537,1.27326,0.69762,1.16087,0.0002246,0.0002246,0.0002246
271,1815.29,1.17585,0.75737,1.16191,0.82937,0.87568,0.90942,0.5902,1.25877,0.70511,1.14938,0.000218,0.000218,0.000218
272,1821.69,1.21578,0.78223,1.18664,0.82789,0.88053,0.91269,0.61287,1.16763,0.67269,1.11304,0.0002114,0.0002114,0.0002114
273,1828.51,1.20398,0.77021,1.18686,0.82768,0.88115,0.91283,0.61802,1.14766,0.65087,1.1126,0.0002048,0.0002048,0.0002048
274,1835.07,1.19444,0.77621,1.15938,0.82027,0.88525,0.91104,0.60658,1.1944,0.70849,1.12047,0.0001982,0.0001982,0.0001982
275,1841.88,1.15341,0.75739,1.15445,0.83604,0.87705,0.91537,0.60514,1.21239,0.64838,1.12337,0.0001916,0.0001916,0.0001916
276,1848.37,1.18511,0.77253,1.17645,0.8343,0.88046,0.91682,0.59694,1.24881,0.6543,1.14671,0.000185,0.000185,0.000185
277,1854.38,1.16813,0.76697,1.17405,0.84501,0.87568,0.91372,0.61123,1.16794,0.66881,1.11132,0.0001784,0.0001784,0.0001784
278,1861.91,1.21614,0.80026,1.1848,0.83183,0.88798,0.91416,0.61281,1.17426,0.6873,1.11581,0.0001718,0.0001718,0.0001718
279,1869.03,1.19282,0.78888,1.17119,0.82966,0.87842,0.91348,0.6199,1.15681,0.6699,1.11081,0.0001652,0.0001652,0.0001652
280,1875.2,1.1801,0.75552,1.1742,0.82791,0.88115,0.90974,0.60162,1.21152,0.69238,1.12701,0.0001586,0.0001586,0.0001586
281,1882.04,1.15991,0.7432,1.16502,0.83181,0.89617,0.91269,0.61127,1.17966,0.62286,1.11287,0.000152,0.000152,0.000152
282,1889.04,1.1814,0.75102,1.16852,0.83025,0.88251,0.91295,0.60902,1.19259,0.64907,1.1183,0.0001454,0.0001454,0.0001454
283,1895.49,1.20049,0.75166,1.17286,0.81905,0.89663,0.91311,0.60616,1.19727,0.70191,1.12301,0.0001388,0.0001388,0.0001388
284,1901.9,1.17197,0.75788,1.16087,0.82792,0.88074,0.91404,0.60991,1.20435,0.68849,1.12327,0.0001322,0.0001322,0.0001322
285,1908.11,1.19952,0.7696,1.17735,0.83968,0.87292,0.91578,0.61327,1.18245,0.65552,1.11291,0.0001256,0.0001256,0.0001256
286,1914.45,1.17623,0.75542,1.16166,0.8303,0.889,0.9145,0.6072,1.20666,0.68099,1.1258,0.000119,0.000119,0.000119
287,1921.29,1.19129,0.76503,1.16629,0.82508,0.88927,0.91531,0.61606,1.17068,0.65023,1.11212,0.0001124,0.0001124,0.0001124
288,1928.37,1.18146,0.75816,1.16901,0.83351,0.87545,0.91418,0.61632,1.16816,0.66899,1.10986,0.0001058,0.0001058,0.0001058
289,1935.18,1.1865,0.75087,1.17739,0.83308,0.87273,0.91148,0.60071,1.20875,0.68715,1.12723,9.92e-05,9.92e-05,9.92e-05
290,1943.01,1.17569,0.75046,1.16571,0.82278,0.89208,0.91553,0.61606,1.1657,0.64661,1.10616,9.26e-05,9.26e-05,9.26e-05
291,1960.39,1.08665,0.67292,1.11951,0.81781,0.89532,0.91594,0.61317,1.17623,0.64258,1.11015,8.6e-05,8.6e-05,8.6e-05
292,1967.5,1.07819,0.6733,1.12036,0.82767,0.88798,0.91331,0.60349,1.18623,0.6512,1.11275,7.94e-05,7.94e-05,7.94e-05
293,1973.28,1.06604,0.66084,1.11634,0.8284,0.87711,0.91118,0.59826,1.20038,0.66138,1.12033,7.28e-05,7.28e-05,7.28e-05
294,1979.27,1.05433,0.66246,1.1038,0.83072,0.87842,0.91377,0.5998,1.21157,0.65453,1.12708,6.62e-05,6.62e-05,6.62e-05
295,1984.75,1.07419,0.66174,1.10528,0.83307,0.88115,0.91249,0.60251,1.19202,0.66544,1.11932,5.96e-05,5.96e-05,5.96e-05
296,1990.89,1.06285,0.65833,1.09426,0.83328,0.88078,0.91493,0.61202,1.16801,0.64375,1.10825,5.3e-05,5.3e-05,5.3e-05
297,1996.44,1.0572,0.66015,1.09456,0.83447,0.88153,0.91651,0.60272,1.20982,0.63925,1.12578,4.64e-05,4.64e-05,4.64e-05
298,2002.14,1.0491,0.65431,1.09828,0.84,0.87501,0.91673,0.60006,1.21392,0.64338,1.127,3.98e-05,3.98e-05,3.98e-05
299,2008.34,1.07165,0.65744,1.10431,0.83454,0.882,0.91626,0.60183,1.20223,0.65267,1.12174,3.32e-05,3.32e-05,3.32e-05
300,2014.87,1.05889,0.64759,1.10366,0.82896,0.88058,0.91527,0.60601,1.18649,0.65293,1.11479,2.66e-05,2.66e-05,2.66e-05
